ID,Center_X,Center_Y,Height,Width,Angle_Degrees,Top_Left_X,Top_Left_Y,Top_Right_X,Top_Right_Y,Bottom_Left_X,Bottom_Left_Y,Bottom_Right_X,Bottom_Right_Y
4,168,1759,121.004135,112.04017,-1.5343414997007687,113.0,1701.0,225.0,1698.0,224.0,1819.0,113.0,1820.0
36,72,218,117.06836,114.52947,5.5114774160206155,18.0,155.0,132.0,166.0,128.0,283.0,13.0,270.0
