ID,Center_X,Center_Y,Height,Width,Angle_Degrees
4,751,297,64.0,65.00769,89.11859600341786
36,243,638,59.0,57.00877,-91.00508600525419
